ROI Label,ROI Name,R,A,S,Hemisphere,Network,Region,Member,Color
121,17Networks_LH_ContA_Temp_1,-56,-62,0,LH,ContA,Temp,1,yellow
133,17Networks_LH_ContA_Cingm_1,-4,6,28,LH,ContA,Cingm,1,yellow
132,17Networks_LH_ContA_PFCl_3,-40,8,34,LH,ContA,PFCl,3,yellow
325,17Networks_RH_ContA_IPS_1,36,-70,46,RH,ContA,IPS,1,yellow
326,17Networks_RH_ContA_IPS_2,54,-32,52,RH,ContA,IPS,2,yellow
327,17Networks_RH_ContA_IPS_3,46,-44,46,RH,ContA,IPS,3,yellow
329,17Networks_RH_ContA_PFCd_1,24,10,58,RH,ContA,PFCd,1,yellow
330,17Networks_RH_ContA_PFCl_1,50,30,18,RH,ContA,PFCl,1,yellow
331,17Networks_RH_ContA_PFCl_2,48,18,24,RH,ContA,PFCl,2,yellow
332,17Networks_RH_ContA_PFCl_3,48,28,28,RH,ContA,PFCl,3,yellow
333,17Networks_RH_ContA_PFCl_4,48,8,24,RH,ContA,PFCl,4,yellow
328,17Networks_RH_ContA_IPS_4,36,-44,44,RH,ContA,IPS,4,yellow
335,17Networks_RH_ContA_Cingm_1,4,2,30,RH,ContA,Cingm,1,yellow
334,17Networks_RH_ContA_PFCl_5,38,10,34,RH,ContA,PFCl,5,yellow
123,17Networks_LH_ContA_IPS_2,-58,-42,46,LH,ContA,IPS,2,yellow
124,17Networks_LH_ContA_IPS_3,-34,-62,48,LH,ContA,IPS,3,yellow
125,17Networks_LH_ContA_IPS_4,-44,-42,46,LH,ContA,IPS,4,yellow
126,17Networks_LH_ContA_IPS_5,-34,-46,40,LH,ContA,IPS,5,yellow
122,17Networks_LH_ContA_IPS_1,-28,-74,42,LH,ContA,IPS,1,yellow
128,17Networks_LH_ContA_PFClv_1,-48,36,10,LH,ContA,PFClv,1,yellow
129,17Networks_LH_ContA_PFClv_2,-42,38,22,LH,ContA,PFClv,2,yellow
130,17Networks_LH_ContA_PFCl_1,-50,6,26,LH,ContA,PFCl,1,yellow
131,17Networks_LH_ContA_PFCl_2,-44,20,26,LH,ContA,PFCl,2,yellow
127,17Networks_LH_ContA_PFCd_1,-22,6,64,LH,ContA,PFCd,1,yellow
345,17Networks_RH_ContB_PFCld_4,34,16,56,RH,ContB,PFCld,4,yellow
135,17Networks_LH_ContB_Temp_2,-60,-48,-10,LH,ContB,Temp,2,yellow
136,17Networks_LH_ContB_IPL_1,-48,-60,46,LH,ContB,IPL,1,yellow
137,17Networks_LH_ContB_IPL_2,-54,-50,44,LH,ContB,IPL,2,yellow
138,17Networks_LH_ContB_IPL_3,-42,-52,48,LH,ContB,IPL,3,yellow
139,17Networks_LH_ContB_PFCd_1,-30,14,58,LH,ContB,PFCd,1,yellow
140,17Networks_LH_ContB_PFClv_1,-42,48,-6,LH,ContB,PFClv,1,yellow
141,17Networks_LH_ContB_PFClv_2,-28,58,0,LH,ContB,PFClv,2,yellow
142,17Networks_LH_ContB_PFClv_3,-28,56,12,LH,ContB,PFClv,3,yellow
143,17Networks_LH_ContB_PFCmp_1,-4,28,48,LH,ContB,PFCmp,1,yellow
134,17Networks_LH_ContB_Temp_1,-60,-36,-18,LH,ContB,Temp,1,yellow
346,17Networks_RH_ContB_PFClv_1,36,38,-14,RH,ContB,PFClv,1,yellow
336,17Networks_RH_ContB_Temp_1,62,-28,-20,RH,ContB,Temp,1,yellow
344,17Networks_RH_ContB_PFCld_3,42,6,50,RH,ContB,PFCld,3,yellow
343,17Networks_RH_ContB_PFCld_2,44,18,44,RH,ContB,PFCld,2,yellow
342,17Networks_RH_ContB_PFCld_1,38,34,38,RH,ContB,PFCld,1,yellow
341,17Networks_RH_ContB_IPL_4,42,-56,48,RH,ContB,IPL,4,yellow
340,17Networks_RH_ContB_IPL_3,56,-40,48,RH,ContB,IPL,3,yellow
339,17Networks_RH_ContB_IPL_2,54,-52,44,RH,ContB,IPL,2,yellow
338,17Networks_RH_ContB_IPL_1,56,-46,32,RH,ContB,IPL,1,yellow
337,17Networks_RH_ContB_Temp_2,64,-42,-10,RH,ContB,Temp,2,yellow
347,17Networks_RH_ContB_PFClv_2,28,54,-14,RH,ContB,PFClv,2,yellow
348,17Networks_RH_ContB_PFClv_3,42,50,-6,RH,ContB,PFClv,3,yellow
349,17Networks_RH_ContB_PFClv_4,28,60,2,RH,ContB,PFClv,4,yellow
350,17Networks_RH_ContB_PFCmp_1,4,28,48,RH,ContB,PFCmp,1,yellow
145,17Networks_LH_ContC_pCun_2,-10,-78,46,LH,ContC,pCun,2,yellow
146,17Networks_LH_ContC_pCun_3,-4,-64,52,LH,ContC,pCun,3,yellow
356,17Networks_RH_ContC_Cingp_1,8,-44,20,RH,ContC,Cingp,1,yellow
148,17Networks_LH_ContC_Cingp_2,-4,-22,30,LH,ContC,Cingp,2,yellow
144,17Networks_LH_ContC_pCun_1,-10,-70,32,LH,ContC,pCun,1,yellow
147,17Networks_LH_ContC_Cingp_1,-6,-40,24,LH,ContC,Cingp,1,yellow
357,17Networks_RH_ContC_Cingp_2,6,-28,28,RH,ContC,Cingp,2,yellow
352,17Networks_RH_ContC_pCun_2,14,-72,40,RH,ContC,pCun,2,yellow
355,17Networks_RH_ContC_pCun_5,8,-72,52,RH,ContC,pCun,5,yellow
354,17Networks_RH_ContC_pCun_4,8,-50,44,RH,ContC,pCun,4,yellow
353,17Networks_RH_ContC_pCun_3,6,-64,44,RH,ContC,pCun,3,yellow
351,17Networks_RH_ContC_pCun_1,16,-64,28,RH,ContC,pCun,1,yellow
158,17Networks_LH_DefaultA_pCunPCC_5,-2,-16,38,LH,DefaultA,pCunPCC,5,red
155,17Networks_LH_DefaultA_pCunPCC_2,-6,-60,30,LH,DefaultA,pCunPCC,2,red
157,17Networks_LH_DefaultA_pCunPCC_4,-4,-34,38,LH,DefaultA,pCunPCC,4,red
156,17Networks_LH_DefaultA_pCunPCC_3,-8,-44,32,LH,DefaultA,pCunPCC,3,red
159,17Networks_LH_DefaultA_pCunPCC_6,-2,-68,42,LH,DefaultA,pCunPCC,6,red
154,17Networks_LH_DefaultA_pCunPCC_1,-4,-54,20,LH,DefaultA,pCunPCC,1,red
362,17Networks_RH_DefaultA_PFCd_2,24,26,50,RH,DefaultA,PFCd,2,red
152,17Networks_LH_DefaultA_PFCd_2,-18,36,48,LH,DefaultA,PFCd,2,red
151,17Networks_LH_DefaultA_PFCd_1,-24,28,44,LH,DefaultA,PFCd,1,red
150,17Networks_LH_DefaultA_IPL_2,-42,-72,44,LH,DefaultA,IPL,2,red
149,17Networks_LH_DefaultA_IPL_1,-48,-64,32,LH,DefaultA,IPL,1,red
358,17Networks_RH_DefaultA_Temp_1,60,-8,-24,RH,DefaultA,Temp,1,red
160,17Networks_LH_DefaultA_pCunPCC_7,-6,-50,42,LH,DefaultA,pCunPCC,7,red
153,17Networks_LH_DefaultA_PFCd_3,-22,20,52,LH,DefaultA,PFCd,3,red
361,17Networks_RH_DefaultA_PFCd_1,26,34,38,RH,DefaultA,PFCd,1,red
161,17Networks_LH_DefaultA_PFCm_1,-4,56,-10,LH,DefaultA,PFCm,1,red
163,17Networks_LH_DefaultA_PFCm_3,-6,60,6,LH,DefaultA,PFCm,3,red
162,17Networks_LH_DefaultA_PFCm_2,-6,36,-8,LH,DefaultA,PFCm,2,red
360,17Networks_RH_DefaultA_IPL_2,48,-64,42,RH,DefaultA,IPL,2,red
373,17Networks_RH_DefaultA_PFCm_6,6,26,18,RH,DefaultA,PFCm,6,red
372,17Networks_RH_DefaultA_PFCm_5,18,64,16,RH,DefaultA,PFCm,5,red
371,17Networks_RH_DefaultA_PFCm_4,8,54,12,RH,DefaultA,PFCm,4,red
370,17Networks_RH_DefaultA_PFCm_3,8,42,4,RH,DefaultA,PFCm,3,red
369,17Networks_RH_DefaultA_PFCm_2,10,66,0,RH,DefaultA,PFCm,2,red
368,17Networks_RH_DefaultA_PFCm_1,6,42,-10,RH,DefaultA,PFCm,1,red
359,17Networks_RH_DefaultA_IPL_1,54,-54,26,RH,DefaultA,IPL,1,red
366,17Networks_RH_DefaultA_pCunPCC_4,4,-20,36,RH,DefaultA,pCunPCC,4,red
365,17Networks_RH_DefaultA_pCunPCC_3,6,-38,34,RH,DefaultA,pCunPCC,3,red
364,17Networks_RH_DefaultA_pCunPCC_2,4,-64,32,RH,DefaultA,pCunPCC,2,red
363,17Networks_RH_DefaultA_pCunPCC_1,6,-52,24,RH,DefaultA,pCunPCC,1,red
166,17Networks_LH_DefaultA_PFCm_6,-6,34,20,LH,DefaultA,PFCm,6,red
165,17Networks_LH_DefaultA_PFCm_5,-16,68,8,LH,DefaultA,PFCm,5,red
164,17Networks_LH_DefaultA_PFCm_4,-6,44,6,LH,DefaultA,PFCm,4,red
367,17Networks_RH_DefaultA_pCunPCC_5,10,-52,36,RH,DefaultA,pCunPCC,5,red
187,17Networks_LH_DefaultB_PFCv_5,-54,20,12,LH,DefaultB,PFCv,5,red
374,17Networks_RH_DefaultB_Temp_1,64,-24,-8,RH,DefaultB,Temp,1,red
375,17Networks_RH_DefaultB_Temp_2,64,-38,0,RH,DefaultB,Temp,2,red
186,17Networks_LH_DefaultB_PFCv_4,-48,28,0,LH,DefaultB,PFCv,4,red
182,17Networks_LH_DefaultB_PFCl_2,-42,8,48,LH,DefaultB,PFCl,2,red
184,17Networks_LH_DefaultB_PFCv_2,-36,36,-12,LH,DefaultB,PFCv,2,red
167,17Networks_LH_DefaultB_Temp_1,-44,12,-34,LH,DefaultB,Temp,1,red
168,17Networks_LH_DefaultB_Temp_2,-54,-2,-30,LH,DefaultB,Temp,2,red
169,17Networks_LH_DefaultB_Temp_3,-62,-18,-20,LH,DefaultB,Temp,3,red
170,17Networks_LH_DefaultB_Temp_4,-56,-8,-14,LH,DefaultB,Temp,4,red
171,17Networks_LH_DefaultB_Temp_5,-60,-34,-4,LH,DefaultB,Temp,5,red
172,17Networks_LH_DefaultB_Temp_6,-52,-22,-6,LH,DefaultB,Temp,6,red
185,17Networks_LH_DefaultB_PFCv_3,-46,32,-10,LH,DefaultB,PFCv,3,red
174,17Networks_LH_DefaultB_IPL_2,-56,-54,30,LH,DefaultB,IPL,2,red
176,17Networks_LH_DefaultB_PFCd_2,-14,58,30,LH,DefaultB,PFCd,2,red
177,17Networks_LH_DefaultB_PFCd_3,-22,50,32,LH,DefaultB,PFCd,3,red
178,17Networks_LH_DefaultB_PFCd_4,-8,42,52,LH,DefaultB,PFCd,4,red
180,17Networks_LH_DefaultB_PFCd_6,-6,10,64,LH,DefaultB,PFCd,6,red
181,17Networks_LH_DefaultB_PFCl_1,-40,20,48,LH,DefaultB,PFCl,1,red
183,17Networks_LH_DefaultB_PFCv_1,-36,22,-16,LH,DefaultB,PFCv,1,red
175,17Networks_LH_DefaultB_PFCd_1,-4,52,28,LH,DefaultB,PFCd,1,red
179,17Networks_LH_DefaultB_PFCd_5,-12,24,60,LH,DefaultB,PFCd,5,red
173,17Networks_LH_DefaultB_IPL_1,-46,-58,20,LH,DefaultB,IPL,1,red
382,17Networks_RH_DefaultB_PFCv_1,34,22,-18,RH,DefaultB,PFCv,1,red
380,17Networks_RH_DefaultB_PFCd_4,14,38,52,RH,DefaultB,PFCd,4,red
379,17Networks_RH_DefaultB_PFCd_3,4,44,40,RH,DefaultB,PFCd,3,red
376,17Networks_RH_DefaultB_AntTemp_1,50,8,-32,RH,DefaultB,AntTemp,1,red
377,17Networks_RH_DefaultB_PFCd_1,6,58,30,RH,DefaultB,PFCd,1,red
378,17Networks_RH_DefaultB_PFCd_2,16,52,36,RH,DefaultB,PFCd,2,red
384,17Networks_RH_DefaultB_PFCv_3,54,24,6,RH,DefaultB,PFCv,3,red
383,17Networks_RH_DefaultB_PFCv_2,48,32,-8,RH,DefaultB,PFCv,2,red
381,17Networks_RH_DefaultB_PFCd_5,12,20,62,RH,DefaultB,PFCd,5,red
191,17Networks_LH_DefaultC_Rsp_3,-14,-60,18,LH,DefaultC,Rsp,3,red
189,17Networks_LH_DefaultC_Rsp_1,-14,-48,4,LH,DefaultC,Rsp,1,red
193,17Networks_LH_DefaultC_PHC_2,-30,-32,-18,LH,DefaultC,PHC,2,red
385,17Networks_RH_DefaultC_IPL_1,48,-64,22,RH,DefaultC,IPL,1,red
386,17Networks_RH_DefaultC_IPL_2,46,-76,30,RH,DefaultC,IPL,2,red
387,17Networks_RH_DefaultC_Rsp_1,14,-46,4,RH,DefaultC,Rsp,1,red
388,17Networks_RH_DefaultC_Rsp_2,12,-56,16,RH,DefaultC,Rsp,2,red
389,17Networks_RH_DefaultC_PHC_1,22,-18,-28,RH,DefaultC,PHC,1,red
390,17Networks_RH_DefaultC_PHC_2,30,-30,-18,RH,DefaultC,PHC,2,red
188,17Networks_LH_DefaultC_IPL_1,-40,-78,30,LH,DefaultC,IPL,1,red
192,17Networks_LH_DefaultC_PHC_1,-20,-20,-26,LH,DefaultC,PHC,1,red
190,17Networks_LH_DefaultC_Rsp_2,-8,-52,10,LH,DefaultC,Rsp,2,red
194,17Networks_LH_DefaultC_PHC_3,-18,-38,-12,LH,DefaultC,PHC,3,red
69,17Networks_LH_DorsAttnA_SPL_4,-28,-58,50,LH,DorsAttnA,SPL,4,green
68,17Networks_LH_DorsAttnA_SPL_3,-22,-66,46,LH,DorsAttnA,SPL,3,green
67,17Networks_LH_DorsAttnA_SPL_2,-22,-78,44,LH,DorsAttnA,SPL,2,green
66,17Networks_LH_DorsAttnA_SPL_1,-26,-70,30,LH,DorsAttnA,SPL,1,green
65,17Networks_LH_DorsAttnA_ParOcc_2,-32,-84,26,LH,DorsAttnA,ParOcc,2,green
64,17Networks_LH_DorsAttnA_ParOcc_1,-48,-66,16,LH,DorsAttnA,ParOcc,1,green
63,17Networks_LH_DorsAttnA_TempOcc_4,-46,-70,-8,LH,DorsAttnA,TempOcc,4,green
62,17Networks_LH_DorsAttnA_TempOcc_3,-48,-56,-16,LH,DorsAttnA,TempOcc,3,green
61,17Networks_LH_DorsAttnA_TempOcc_2,-32,-42,-20,LH,DorsAttnA,TempOcc,2,green
60,17Networks_LH_DorsAttnA_TempOcc_1,-44,-42,-22,LH,DorsAttnA,TempOcc,1,green
265,17Networks_RH_DorsAttnA_SPL_1,30,-78,36,RH,DorsAttnA,SPL,1,green
264,17Networks_RH_DorsAttnA_ParOcc_3,36,-78,24,RH,DorsAttnA,ParOcc,3,green
263,17Networks_RH_DorsAttnA_ParOcc_2,54,-56,12,RH,DorsAttnA,ParOcc,2,green
262,17Networks_RH_DorsAttnA_ParOcc_1,48,-66,4,RH,DorsAttnA,ParOcc,1,green
261,17Networks_RH_DorsAttnA_TempOcc_3,50,-64,-10,RH,DorsAttnA,TempOcc,3,green
260,17Networks_RH_DorsAttnA_TempOcc_2,50,-50,-18,RH,DorsAttnA,TempOcc,2,green
259,17Networks_RH_DorsAttnA_TempOcc_1,34,-36,-24,RH,DorsAttnA,TempOcc,1,green
268,17Networks_RH_DorsAttnA_SPL_4,30,-64,52,RH,DorsAttnA,SPL,4,green
269,17Networks_RH_DorsAttnA_SPL_5,20,-68,52,RH,DorsAttnA,SPL,5,green
270,17Networks_RH_DorsAttnA_SPL_6,34,-50,54,RH,DorsAttnA,SPL,6,green
271,17Networks_RH_DorsAttnA_SPL_7,26,-58,60,RH,DorsAttnA,SPL,7,green
70,17Networks_LH_DorsAttnA_SPL_5,-36,-52,56,LH,DorsAttnA,SPL,5,green
272,17Networks_RH_DorsAttnA_SPL_8,14,-64,64,RH,DorsAttnA,SPL,8,green
266,17Networks_RH_DorsAttnA_SPL_2,32,-66,36,RH,DorsAttnA,SPL,2,green
71,17Networks_LH_DorsAttnA_SPL_6,-14,-70,58,LH,DorsAttnA,SPL,6,green
267,17Networks_RH_DorsAttnA_SPL_3,18,-78,50,RH,DorsAttnA,SPL,3,green
72,17Networks_LH_DorsAttnA_SPL_7,-28,-62,62,LH,DorsAttnA,SPL,7,green
279,17Networks_RH_DorsAttnB_PostC_6,8,-54,60,RH,DorsAttnB,PostC,6,green
278,17Networks_RH_DorsAttnB_PostC_5,36,-36,52,RH,DorsAttnB,PostC,5,green
277,17Networks_RH_DorsAttnB_PostC_4,46,-28,42,RH,DorsAttnB,PostC,4,green
276,17Networks_RH_DorsAttnB_PostC_3,44,-38,50,RH,DorsAttnB,PostC,3,green
275,17Networks_RH_DorsAttnB_PostC_2,58,-22,44,RH,DorsAttnB,PostC,2,green
274,17Networks_RH_DorsAttnB_PostC_1,62,-14,30,RH,DorsAttnB,PostC,1,green
273,17Networks_RH_DorsAttnB_TempOcc_1,60,-54,-2,RH,DorsAttnB,TempOcc,1,green
282,17Networks_RH_DorsAttnB_FEF_1,40,-4,52,RH,DorsAttnB,FEF,1,green
283,17Networks_RH_DorsAttnB_FEF_2,28,-4,52,RH,DorsAttnB,FEF,2,green
284,17Networks_RH_DorsAttnB_FEF_3,24,-2,64,RH,DorsAttnB,FEF,3,green
280,17Networks_RH_DorsAttnB_PostC_7,24,-50,68,RH,DorsAttnB,PostC,7,green
73,17Networks_LH_DorsAttnB_PostC_1,-62,-24,32,LH,DorsAttnB,PostC,1,green
84,17Networks_LH_DorsAttnB_FEF_3,-30,-8,52,LH,DorsAttnB,FEF,3,green
83,17Networks_LH_DorsAttnB_FEF_2,-26,0,56,LH,DorsAttnB,FEF,2,green
82,17Networks_LH_DorsAttnB_FEF_1,-40,-2,52,LH,DorsAttnB,FEF,1,green
81,17Networks_LH_DorsAttnB_PostC_9,-14,-50,72,LH,DorsAttnB,PostC,9,green
80,17Networks_LH_DorsAttnB_PostC_8,-20,-56,66,LH,DorsAttnB,PostC,8,green
79,17Networks_LH_DorsAttnB_PostC_7,-8,-58,64,LH,DorsAttnB,PostC,7,green
78,17Networks_LH_DorsAttnB_PostC_6,-30,-46,62,LH,DorsAttnB,PostC,6,green
77,17Networks_LH_DorsAttnB_PostC_5,-38,-38,50,LH,DorsAttnB,PostC,5,green
76,17Networks_LH_DorsAttnB_PostC_4,-46,-30,44,LH,DorsAttnB,PostC,4,green
75,17Networks_LH_DorsAttnB_PostC_3,-54,-32,44,LH,DorsAttnB,PostC,3,green
74,17Networks_LH_DorsAttnB_PostC_2,-54,-20,40,LH,DorsAttnB,PostC,2,green
85,17Networks_LH_DorsAttnB_PrCv_1,-50,2,38,LH,DorsAttnB,PrCv,1,green
281,17Networks_RH_DorsAttnB_PostC_8,16,-46,74,RH,DorsAttnB,PostC,8,green
118,17Networks_LH_LimbicA_TempPole_5,-40,-22,-26,LH,LimbicA,TempPole,5,cyan
115,17Networks_LH_LimbicA_TempPole_2,-24,6,-40,LH,LimbicA,TempPole,2,cyan
319,17Networks_RH_LimbicA_TempPole_1,28,-2,-40,RH,LimbicA,TempPole,1,cyan
116,17Networks_LH_LimbicA_TempPole_3,-26,-10,-32,LH,LimbicA,TempPole,3,cyan
117,17Networks_LH_LimbicA_TempPole_4,-54,-22,-30,LH,LimbicA,TempPole,4,cyan
120,17Networks_LH_LimbicA_TempPole_7,-44,6,-16,LH,LimbicA,TempPole,7,cyan
114,17Networks_LH_LimbicA_TempPole_1,-38,-6,-42,LH,LimbicA,TempPole,1,cyan
320,17Networks_RH_LimbicA_TempPole_2,48,-6,-40,RH,LimbicA,TempPole,2,cyan
119,17Networks_LH_LimbicA_TempPole_6,-32,12,-30,LH,LimbicA,TempPole,6,cyan
322,17Networks_RH_LimbicA_TempPole_4,40,-14,-32,RH,LimbicA,TempPole,4,cyan
323,17Networks_RH_LimbicA_TempPole_5,28,12,-30,RH,LimbicA,TempPole,5,cyan
321,17Networks_RH_LimbicA_TempPole_3,36,18,-38,RH,LimbicA,TempPole,3,cyan
324,17Networks_RH_LimbicA_TempPole_6,50,-28,-26,RH,LimbicA,TempPole,6,cyan
109,17Networks_LH_LimbicB_OFC_1,-12,24,-20,LH,LimbicB,OFC,1,cyan
111,17Networks_LH_LimbicB_OFC_3,-10,48,-22,LH,LimbicB,OFC,3,cyan
112,17Networks_LH_LimbicB_OFC_4,-4,24,-20,LH,LimbicB,OFC,4,cyan
113,17Networks_LH_LimbicB_OFC_5,-16,64,-8,LH,LimbicB,OFC,5,cyan
110,17Networks_LH_LimbicB_OFC_2,-24,22,-20,LH,LimbicB,OFC,2,cyan
318,17Networks_RH_LimbicB_OFC_6,10,62,-14,RH,LimbicB,OFC,6,cyan
313,17Networks_RH_LimbicB_OFC_1,14,24,-20,RH,LimbicB,OFC,1,cyan
314,17Networks_RH_LimbicB_OFC_2,22,22,-20,RH,LimbicB,OFC,2,cyan
315,17Networks_RH_LimbicB_OFC_3,8,46,-24,RH,LimbicB,OFC,3,cyan
316,17Networks_RH_LimbicB_OFC_4,20,42,-18,RH,LimbicB,OFC,4,cyan
317,17Networks_RH_LimbicB_OFC_5,4,22,-20,RH,LimbicB,OFC,5,cyan
87,17Networks_LH_SalVentAttnA_ParOper_2,-58,-44,28,LH,SalVentAttnA,ParOper,2,black
287,17Networks_RH_SalVentAttnA_ParOper_3,62,-26,38,RH,SalVentAttnA,ParOper,3,black
286,17Networks_RH_SalVentAttnA_ParOper_2,60,-22,22,RH,SalVentAttnA,ParOper,2,black
285,17Networks_RH_SalVentAttnA_ParOper_1,58,-32,24,RH,SalVentAttnA,ParOper,1,black
100,17Networks_LH_SalVentAttnA_FrMed_3,-8,-2,70,LH,SalVentAttnA,FrMed,3,black
99,17Networks_LH_SalVentAttnA_FrMed_2,-6,10,48,LH,SalVentAttnA,FrMed,2,black
98,17Networks_LH_SalVentAttnA_FrMed_1,-6,0,40,LH,SalVentAttnA,FrMed,1,black
97,17Networks_LH_SalVentAttnA_ParMed_3,-6,-48,56,LH,SalVentAttnA,ParMed,3,black
96,17Networks_LH_SalVentAttnA_ParMed_2,-12,-42,48,LH,SalVentAttnA,ParMed,2,black
93,17Networks_LH_SalVentAttnA_FrOper_1,-50,2,4,LH,SalVentAttnA,FrOper,1,black
94,17Networks_LH_SalVentAttnA_FrOper_2,-52,8,14,LH,SalVentAttnA,FrOper,2,black
86,17Networks_LH_SalVentAttnA_ParOper_1,-54,-32,22,LH,SalVentAttnA,ParOper,1,black
92,17Networks_LH_SalVentAttnA_Ins_4,-36,4,10,LH,SalVentAttnA,Ins,4,black
91,17Networks_LH_SalVentAttnA_Ins_3,-32,18,8,LH,SalVentAttnA,Ins,3,black
288,17Networks_RH_SalVentAttnA_PrC_1,52,4,40,RH,SalVentAttnA,PrC,1,black
90,17Networks_LH_SalVentAttnA_Ins_2,-40,-14,-2,LH,SalVentAttnA,Ins,2,black
89,17Networks_LH_SalVentAttnA_Ins_1,-38,2,-4,LH,SalVentAttnA,Ins,1,black
88,17Networks_LH_SalVentAttnA_ParOper_3,-62,-36,34,LH,SalVentAttnA,ParOper,3,black
95,17Networks_LH_SalVentAttnA_ParMed_1,-12,-28,42,LH,SalVentAttnA,ParMed,1,black
289,17Networks_RH_SalVentAttnA_Ins_1,40,6,-16,RH,SalVentAttnA,Ins,1,black
292,17Networks_RH_SalVentAttnA_Ins_4,40,-2,6,RH,SalVentAttnA,Ins,4,black
291,17Networks_RH_SalVentAttnA_Ins_3,40,-10,-4,RH,SalVentAttnA,Ins,3,black
290,17Networks_RH_SalVentAttnA_Ins_2,40,8,-2,RH,SalVentAttnA,Ins,2,black
301,17Networks_RH_SalVentAttnA_ParMed_4,10,-32,50,RH,SalVentAttnA,ParMed,4,black
300,17Networks_RH_SalVentAttnA_ParMed_3,10,-44,54,RH,SalVentAttnA,ParMed,3,black
299,17Networks_RH_SalVentAttnA_FrMed_2,6,10,58,RH,SalVentAttnA,FrMed,2,black
302,17Networks_RH_SalVentAttnA_FrMed_3,6,-2,66,RH,SalVentAttnA,FrMed,3,black
297,17Networks_RH_SalVentAttnA_ParMed_1,12,-18,42,RH,SalVentAttnA,ParMed,1,black
298,17Networks_RH_SalVentAttnA_ParMed_2,12,-34,42,RH,SalVentAttnA,ParMed,2,black
295,17Networks_RH_SalVentAttnA_FrOper_3,54,12,12,RH,SalVentAttnA,FrOper,3,black
294,17Networks_RH_SalVentAttnA_FrOper_2,48,4,4,RH,SalVentAttnA,FrOper,2,black
293,17Networks_RH_SalVentAttnA_FrOper_1,38,8,10,RH,SalVentAttnA,FrOper,1,black
296,17Networks_RH_SalVentAttnA_FrMed_1,8,2,42,RH,SalVentAttnA,FrMed,1,black
303,17Networks_RH_SalVentAttnA_FrMed_4,16,6,70,RH,SalVentAttnA,FrMed,4,black
310,17Networks_RH_SalVentAttnB_Ins_2,36,22,4,RH,SalVentAttnB,Ins,2,black
311,17Networks_RH_SalVentAttnB_PFCmp_1,8,34,24,RH,SalVentAttnB,PFCmp,1,black
312,17Networks_RH_SalVentAttnB_PFCmp_2,8,18,36,RH,SalVentAttnB,PFCmp,2,black
309,17Networks_RH_SalVentAttnB_Ins_1,34,22,-8,RH,SalVentAttnB,Ins,1,black
308,17Networks_RH_SalVentAttnB_PFCl_3,32,44,28,RH,SalVentAttnB,PFCl,3,black
307,17Networks_RH_SalVentAttnB_PFCl_2,26,54,24,RH,SalVentAttnB,PFCl,2,black
306,17Networks_RH_SalVentAttnB_PFCl_1,42,46,14,RH,SalVentAttnB,PFCl,1,black
105,17Networks_LH_SalVentAttnB_Ins_2,-32,24,0,LH,SalVentAttnB,Ins,2,black
108,17Networks_LH_SalVentAttnB_PFCmp_1,-6,22,32,LH,SalVentAttnB,PFCmp,1,black
107,17Networks_LH_SalVentAttnB_OFC_1,-26,50,-14,LH,SalVentAttnB,OFC,1,black
104,17Networks_LH_SalVentAttnB_Ins_1,-34,16,-8,LH,SalVentAttnB,Ins,1,black
106,17Networks_LH_SalVentAttnB_Ins_3,-44,12,2,LH,SalVentAttnB,Ins,3,black
101,17Networks_LH_SalVentAttnB_PFCl_1,-38,50,10,LH,SalVentAttnB,PFCl,1,black
102,17Networks_LH_SalVentAttnB_PFCl_2,-28,44,30,LH,SalVentAttnB,PFCl,2,black
103,17Networks_LH_SalVentAttnB_PFCl_3,-36,32,38,LH,SalVentAttnB,PFCl,3,black
304,17Networks_RH_SalVentAttnB_IPL_1,62,-38,36,RH,SalVentAttnB,IPL,1,black
305,17Networks_RH_SalVentAttnB_PFClv_1,50,40,6,RH,SalVentAttnB,PFClv,1,black
232,17Networks_RH_SomMotA_9,30,-40,64,RH,SomMotA,SomMotA,9,orange
30,17Networks_LH_SomMotA_6,-8,-38,54,LH,SomMotA,SomMotA,6,orange
228,17Networks_RH_SomMotA_5,6,-10,52,RH,SomMotA,SomMotA,5,orange
227,17Networks_RH_SomMotA_4,50,-26,56,RH,SomMotA,SomMotA,4,orange
226,17Networks_RH_SomMotA_3,44,-10,48,RH,SomMotA,SomMotA,3,orange
225,17Networks_RH_SomMotA_2,52,-12,50,RH,SomMotA,SomMotA,2,orange
224,17Networks_RH_SomMotA_1,54,-16,40,RH,SomMotA,SomMotA,1,orange
25,17Networks_LH_SomMotA_1,-8,-16,48,LH,SomMotA,SomMotA,1,orange
26,17Networks_LH_SomMotA_2,-40,-14,48,LH,SomMotA,SomMotA,2,orange
27,17Networks_LH_SomMotA_3,-48,-18,54,LH,SomMotA,SomMotA,3,orange
28,17Networks_LH_SomMotA_4,-48,-30,58,LH,SomMotA,SomMotA,4,orange
29,17Networks_LH_SomMotA_5,-38,-24,52,LH,SomMotA,SomMotA,5,orange
229,17Networks_RH_SomMotA_6,44,-22,54,RH,SomMotA,SomMotA,6,orange
31,17Networks_LH_SomMotA_7,-4,-24,56,LH,SomMotA,SomMotA,7,orange
33,17Networks_LH_SomMotA_9,-36,-20,64,LH,SomMotA,SomMotA,9,orange
34,17Networks_LH_SomMotA_10,-32,-30,62,LH,SomMotA,SomMotA,10,orange
35,17Networks_LH_SomMotA_11,-30,-38,66,LH,SomMotA,SomMotA,11,orange
36,17Networks_LH_SomMotA_12,-24,-10,64,LH,SomMotA,SomMotA,12,orange
37,17Networks_LH_SomMotA_13,-20,-24,66,LH,SomMotA,SomMotA,13,orange
38,17Networks_LH_SomMotA_14,-8,-42,70,LH,SomMotA,SomMotA,14,orange
39,17Networks_LH_SomMotA_15,-4,-26,68,LH,SomMotA,SomMotA,15,orange
40,17Networks_LH_SomMotA_16,-14,-12,72,LH,SomMotA,SomMotA,16,orange
41,17Networks_LH_SomMotA_17,-18,-32,68,LH,SomMotA,SomMotA,17,orange
42,17Networks_LH_SomMotA_18,-18,-40,72,LH,SomMotA,SomMotA,18,orange
32,17Networks_LH_SomMotA_8,-4,-8,60,LH,SomMotA,SomMotA,8,orange
43,17Networks_LH_SomMotA_19,-12,-26,74,LH,SomMotA,SomMotA,19,orange
230,17Networks_RH_SomMotA_7,38,-20,64,RH,SomMotA,SomMotA,7,orange
233,17Networks_RH_SomMotA_10,34,-28,62,RH,SomMotA,SomMotA,10,orange
231,17Networks_RH_SomMotA_8,32,-34,64,RH,SomMotA,SomMotA,8,orange
243,17Networks_RH_SomMotA_20,12,-32,76,RH,SomMotA,SomMotA,20,orange
242,17Networks_RH_SomMotA_19,16,-18,74,RH,SomMotA,SomMotA,19,orange
240,17Networks_RH_SomMotA_17,16,-6,70,RH,SomMotA,SomMotA,17,orange
239,17Networks_RH_SomMotA_16,22,-34,70,RH,SomMotA,SomMotA,16,orange
241,17Networks_RH_SomMotA_18,6,-22,72,RH,SomMotA,SomMotA,18,orange
237,17Networks_RH_SomMotA_14,22,-24,66,RH,SomMotA,SomMotA,14,orange
236,17Networks_RH_SomMotA_13,10,-40,68,RH,SomMotA,SomMotA,13,orange
235,17Networks_RH_SomMotA_12,28,-10,64,RH,SomMotA,SomMotA,12,orange
234,17Networks_RH_SomMotA_11,4,-24,58,RH,SomMotA,SomMotA,11,orange
238,17Networks_RH_SomMotA_15,22,-28,68,RH,SomMotA,SomMotA,15,orange
55,17Networks_LH_SomMotB_Cent_1,-60,-2,24,LH,SomMotB,Cent,1,orange
59,17Networks_LH_SomMotB_Cent_5,-48,-16,40,LH,SomMotB,Cent,5,orange
58,17Networks_LH_SomMotB_Cent_4,-52,-6,44,LH,SomMotB,Cent,4,orange
57,17Networks_LH_SomMotB_Cent_3,-54,-8,30,LH,SomMotB,Cent,3,orange
56,17Networks_LH_SomMotB_Cent_2,-62,-10,32,LH,SomMotB,Cent,2,orange
54,17Networks_LH_SomMotB_S2_6,-62,-18,20,LH,SomMotB,S2,6,orange
48,17Networks_LH_SomMotB_S2_2,-36,-26,18,LH,SomMotB,S2,2,orange
52,17Networks_LH_SomMotB_S2_4,-60,-2,10,LH,SomMotB,S2,4,orange
51,17Networks_LH_SomMotB_S2_3,-48,-12,14,LH,SomMotB,S2,3,orange
50,17Networks_LH_SomMotB_Aud_4,-40,-36,14,LH,SomMotB,Aud,4,orange
49,17Networks_LH_SomMotB_Aud_3,-58,-36,16,LH,SomMotB,Aud,3,orange
46,17Networks_LH_SomMotB_Ins_1,-36,-24,10,LH,SomMotB,Ins,1,orange
47,17Networks_LH_SomMotB_S2_1,-38,-8,12,LH,SomMotB,S2,1,orange
53,17Networks_LH_SomMotB_S2_5,-48,-24,18,LH,SomMotB,S2,5,orange
45,17Networks_LH_SomMotB_Aud_2,-56,-22,8,LH,SomMotB,Aud,2,orange
257,17Networks_RH_SomMotB_Cent_2,60,-6,26,RH,SomMotB,Cent,2,orange
258,17Networks_RH_SomMotB_Cent_3,52,-6,38,RH,SomMotB,Cent,3,orange
256,17Networks_RH_SomMotB_Cent_1,60,6,30,RH,SomMotB,Cent,1,orange
255,17Networks_RH_SomMotB_S2_8,62,-12,16,RH,SomMotB,S2,8,orange
44,17Networks_LH_SomMotB_Aud_1,-50,-10,0,LH,SomMotB,Aud,1,orange
253,17Networks_RH_SomMotB_S2_6,60,0,10,RH,SomMotB,S2,6,orange
252,17Networks_RH_SomMotB_S2_5,50,-10,14,RH,SomMotB,S2,5,orange
251,17Networks_RH_SomMotB_S2_4,42,-30,18,RH,SomMotB,S2,4,orange
254,17Networks_RH_SomMotB_S2_7,48,-22,18,RH,SomMotB,S2,7,orange
249,17Networks_RH_SomMotB_Aud_3,60,-24,10,RH,SomMotB,Aud,3,orange
248,17Networks_RH_SomMotB_S2_2,34,-22,14,RH,SomMotB,S2,2,orange
247,17Networks_RH_SomMotB_S2_1,38,-8,14,RH,SomMotB,S2,1,orange
246,17Networks_RH_SomMotB_Ins_1,40,-20,4,RH,SomMotB,Ins,1,orange
245,17Networks_RH_SomMotB_Aud_2,54,-14,6,RH,SomMotB,Aud,2,orange
244,17Networks_RH_SomMotB_Aud_1,52,4,-6,RH,SomMotB,Aud,1,orange
250,17Networks_RH_SomMotB_S2_3,42,-14,18,RH,SomMotB,S2,3,orange
391,17Networks_RH_TempPar_1,48,16,-20,RH,TempPar,TempPar,1,purple
392,17Networks_RH_TempPar_2,54,-4,-14,RH,TempPar,TempPar,2,purple
393,17Networks_RH_TempPar_3,48,-20,-8,RH,TempPar,TempPar,3,purple
394,17Networks_RH_TempPar_4,62,-18,0,RH,TempPar,TempPar,4,purple
395,17Networks_RH_TempPar_5,50,-34,2,RH,TempPar,TempPar,5,purple
396,17Networks_RH_TempPar_6,60,-46,6,RH,TempPar,TempPar,6,purple
397,17Networks_RH_TempPar_7,52,-40,12,RH,TempPar,TempPar,7,purple
398,17Networks_RH_TempPar_8,64,-34,10,RH,TempPar,TempPar,8,purple
200,17Networks_LH_TempPar_6,-58,-48,16,LH,TempPar,TempPar,6,purple
400,17Networks_RH_TempPar_10,62,-40,22,RH,TempPar,TempPar,10,purple
196,17Networks_LH_TempPar_2,-60,-12,-2,LH,TempPar,TempPar,2,purple
399,17Networks_RH_TempPar_9,54,-46,20,RH,TempPar,TempPar,9,purple
199,17Networks_LH_TempPar_5,-58,-54,10,LH,TempPar,TempPar,5,purple
198,17Networks_LH_TempPar_4,-52,-44,4,LH,TempPar,TempPar,4,purple
197,17Networks_LH_TempPar_3,-62,-32,6,LH,TempPar,TempPar,3,purple
195,17Networks_LH_TempPar_1,-52,6,-12,LH,TempPar,TempPar,1,purple
12,17Networks_LH_VisCent_ExStr_11,-26,-84,22,LH,VisCent,ExStr,11,blue
11,17Networks_LH_VisCent_ExStr_10,-10,-96,18,LH,VisCent,ExStr,10,blue
201,17Networks_RH_VisCent_ExStr_1,36,-54,-18,RH,VisCent,ExStr,1,blue
10,17Networks_LH_VisCent_ExStr_9,-40,-84,14,LH,VisCent,ExStr,9,blue
8,17Networks_LH_VisCent_ExStr_7,-46,-74,6,LH,VisCent,ExStr,7,blue
7,17Networks_LH_VisCent_Striate_1,-8,-98,-8,LH,VisCent,Striate,1,blue
6,17Networks_LH_VisCent_ExStr_6,-42,-86,-4,LH,VisCent,ExStr,6,blue
5,17Networks_LH_VisCent_ExStr_5,-24,-96,-12,LH,VisCent,ExStr,5,blue
4,17Networks_LH_VisCent_ExStr_4,-16,-86,-16,LH,VisCent,ExStr,4,blue
3,17Networks_LH_VisCent_ExStr_3,-36,-82,-16,LH,VisCent,ExStr,3,blue
2,17Networks_LH_VisCent_ExStr_2,-24,-72,-10,LH,VisCent,ExStr,2,blue
9,17Networks_LH_VisCent_ExStr_8,-24,-96,6,LH,VisCent,ExStr,8,blue
202,17Networks_RH_VisCent_ExStr_2,38,-74,-16,RH,VisCent,ExStr,2,blue
1,17Networks_LH_VisCent_ExStr_1,-36,-62,-16,LH,VisCent,ExStr,1,blue
204,17Networks_RH_VisCent_ExStr_4,20,-88,-12,RH,VisCent,ExStr,4,blue
203,17Networks_RH_VisCent_ExStr_3,24,-74,-10,RH,VisCent,ExStr,3,blue
212,17Networks_RH_VisCent_ExStr_11,28,-88,20,RH,VisCent,ExStr,11,blue
210,17Networks_RH_VisCent_ExStr_9,44,-78,10,RH,VisCent,ExStr,9,blue
209,17Networks_RH_VisCent_ExStr_8,24,-98,8,RH,VisCent,ExStr,8,blue
211,17Networks_RH_VisCent_ExStr_10,12,-94,18,RH,VisCent,ExStr,10,blue
207,17Networks_RH_VisCent_Striate_1,8,-92,-2,RH,VisCent,Striate,1,blue
206,17Networks_RH_VisCent_ExStr_6,26,-96,-10,RH,VisCent,ExStr,6,blue
205,17Networks_RH_VisCent_ExStr_5,42,-84,-12,RH,VisCent,ExStr,5,blue
208,17Networks_RH_VisCent_ExStr_7,36,-88,2,RH,VisCent,ExStr,7,blue
221,17Networks_RH_VisPeri_ExStrSup_2,4,-80,24,RH,VisPeri,ExStrSup,2,blue
220,17Networks_RH_VisPeri_ExStrSup_1,16,-66,18,RH,VisPeri,ExStrSup,1,blue
218,17Networks_RH_VisPeri_StriCal_1,10,-74,8,RH,VisPeri,StriCal,1,blue
217,17Networks_RH_VisPeri_ExStrInf_5,18,-44,-2,RH,VisPeri,ExStrInf,5,blue
216,17Networks_RH_VisPeri_ExStrInf_4,14,-58,-4,RH,VisPeri,ExStrInf,4,blue
215,17Networks_RH_VisPeri_ExStrInf_3,10,-72,-6,RH,VisPeri,ExStrInf,3,blue
214,17Networks_RH_VisPeri_ExStrInf_2,18,-36,-12,RH,VisPeri,ExStrInf,2,blue
213,17Networks_RH_VisPeri_ExStrInf_1,26,-52,-8,RH,VisPeri,ExStrInf,1,blue
219,17Networks_RH_VisPeri_StriCal_2,22,-60,6,RH,VisPeri,StriCal,2,blue
16,17Networks_LH_VisPeri_ExStrInf_4,-14,-44,-6,LH,VisPeri,ExStrInf,4,blue
14,17Networks_LH_VisPeri_ExStrInf_2,-12,-62,-4,LH,VisPeri,ExStrInf,2,blue
15,17Networks_LH_VisPeri_ExStrInf_3,-6,-76,-6,LH,VisPeri,ExStrInf,3,blue
17,17Networks_LH_VisPeri_ExStrInf_5,-14,-56,2,LH,VisPeri,ExStrInf,5,blue
18,17Networks_LH_VisPeri_StriCal_1,-4,-88,2,LH,VisPeri,StriCal,1,blue
19,17Networks_LH_VisPeri_StriCal_2,-8,-74,10,LH,VisPeri,StriCal,2,blue
20,17Networks_LH_VisPeri_ExStrSup_1,-18,-64,6,LH,VisPeri,ExStrSup,1,blue
21,17Networks_LH_VisPeri_ExStrSup_2,-2,-84,24,LH,VisPeri,ExStrSup,2,blue
22,17Networks_LH_VisPeri_ExStrSup_3,-12,-72,20,LH,VisPeri,ExStrSup,3,blue
23,17Networks_LH_VisPeri_ExStrSup_4,-16,-88,34,LH,VisPeri,ExStrSup,4,blue
24,17Networks_LH_VisPeri_ExStrSup_5,-12,-82,36,LH,VisPeri,ExStrSup,5,blue
223,17Networks_RH_VisPeri_ExStrSup_4,16,-86,36,RH,VisPeri,ExStrSup,4,blue
13,17Networks_LH_VisPeri_ExStrInf_1,-24,-54,-8,LH,VisPeri,ExStrInf,1,blue
222,17Networks_RH_VisPeri_ExStrSup_3,14,-78,34,RH,VisPeri,ExStrSup,3,blue
